id,respuesta
1,La app es rapida y facil de usar pero le falta modo oscuro que descanse la vista de noche.
2,Me encanta que puedo ver todo en un solo lugar. Antes usaba tres herramientas distintas.
3,El soporte tardo dos dias en responderme y al final no resolvio mi problema con la facturacion.
4,Excelente relacion precio valor. El plan gratuito ya me alcanza para mi negocio pequeno.
5,Se cierra sola cada vez que subo un archivo grande. Muy frustrante en medio del trabajo.
6,La curva de aprendizaje fue corta, en una tarde ya tenia a todo mi equipo usandola.
7,Ojala tuviera app movil de verdad, la version web en el celular es incomoda de usar.
8,El equipo de soporte fue muy atento y resolvio mi duda en minutos por el chat.
9,Los reportes son basicos, necesito exportar a Excel con mas filtros para mi contabilidad.
10,Buena herramienta en general pero los precios subieron mucho este ano sin avisar.
11,Me gusta la interfaz limpia y sin distracciones. Se nota que pensaron en el usuario.
12,Falta integracion con mi sistema de facturacion local, tengo que copiar todo a mano.
13,La velocidad es lo mejor, todo carga al instante incluso con internet lento.
14,Tuve problemas para cancelar mi suscripcion, el boton estaba escondido y perdi tiempo.
15,Perfecta para freelancers como yo. Simple, directa y hace justo lo que promete.
16,El modo oscuro que agregaron esta espectacular, ahora trabajo de noche sin cansarme.
17,Me parece cara comparada con la competencia que ofrece casi lo mismo por menos.
18,La funcion de plantillas me ahorra horas cada semana. Fue la razon por la que me quede.
